,vip,now_income,
0,1,1458.409466,1402.757395
1,2,4013.766027,4027.70541
2,3,12050.71947,8975.636537
3,4,9375.281069,7980.626984
4,5,10913.21358,11209.47725
5,6,12069.97464,12050.6851
6,7,8265.751859,5220.539179
7,8,10721.34979,10804.47153
8,9,18411.64705,13292.81463
9,10,9593.697129,6705.642099
