,vip,now_income
0,1.0,1402.7573947906494
1,2.0,4027.705410003662
2,3.0,8975.636536598206
3,4.0,7980.626983642578
4,5.0,11209.477250099182
5,6.0,12050.685097694397
6,7.0,5220.539179325104
7,8.0,10804.471529006958
8,9.0,13292.814629077911
9,10.0,6705.642099380493
